{"loss": [1.3878848552703857, 0.7400037050247192, 0.5314272046089172, 0.4145374894142151, 0.35118478536605835, 0.30770111083984375, 0.25948137044906616, 0.23452632129192352], "accuracy": [0.5686980485916138, 0.755678653717041, 0.8217451572418213, 0.8592797517776489, 0.879085898399353, 0.8952908515930176, 0.9112188220024109, 0.9207063913345337], "val_loss": [4.395434856414795, 0.6462924480438232, 0.3650365471839905, 0.4205206334590912, 0.30199357867240906, 0.3653806447982788, 0.3096287250518799, 0.4810934066772461], "val_accuracy": [0.15085788071155548, 0.7782453894615173, 0.8769828677177429, 0.8620913028717041, 0.8986726999282837, 0.8688896298408508, 0.9009388089179993, 0.8455811142921448], "lr": [9.999999747378752e-05, 9.999999747378752e-05, 9.999999747378752e-05, 9.999999747378752e-05, 9.999999747378752e-05, 9.999999747378752e-05, 9.999999747378752e-05, 9.999999747378752e-05]}