{"loss": [1.3370939493179321, 0.4209842085838318, 0.24861285090446472, 0.17843766510486603, 0.1330665647983551, 0.10836631804704666, 0.08883710950613022, 0.07678157836198807, 0.03295719251036644, 0.030583364889025688, 0.02763187326490879, 0.025605471804738045, 0.02372855879366398, 0.01994888298213482, 0.021877964958548546], "accuracy": [0.6094743609428406, 0.8638167977333069, 0.9186286330223083, 0.9415321350097656, 0.9558717012405396, 0.9632406234741211, 0.970808744430542, 0.9737534523010254, 0.9887616634368896, 0.990041971206665, 0.9905256628990173, 0.9914645552635193, 0.9919482469558716, 0.993228554725647, 0.9927021861076355], "val_loss": [0.5008659958839417, 0.3474494218826294, 0.18605811893939972, 0.15034571290016174, 0.10847637802362442, 0.20562435686588287, 0.1152675673365593, 0.15093490481376648, 0.16077709197998047, 0.09219365566968918, 0.0590115562081337, 0.056392550468444824, 0.08924513310194016, 0.0816178098320961, 0.11997433006763458], "val_accuracy": [0.8456635475158691, 0.8856135010719299, 0.9404734969139099, 0.9487821459770203, 0.9643182158470154, 0.9346118569374084, 0.9629524350166321, 0.9523105025291443, 0.9533348679542542, 0.9713749289512634, 0.9813339114189148, 0.9808217883110046, 0.9753585457801819, 0.9762121438980103, 0.9665376543998718], "lr": [9.999999747378752e-05, 9.999999747378752e-05, 9.999999747378752e-05, 9.999999747378752e-05, 9.999999747378752e-05, 9.999999747378752e-05, 9.999999747378752e-05, 9.999999747378752e-05, 4.999999873689376e-05, 4.999999873689376e-05, 4.999999873689376e-05, 4.999999873689376e-05, 4.999999873689376e-05, 4.999999873689376e-05, 4.999999873689376e-05]}