{"loss": [1.1726105213165283, 0.5860825181007385, 0.39992964267730713, 0.30929335951805115, 0.2512682378292084, 0.21007466316223145, 0.1779872626066208, 0.15745079517364502], "accuracy": [0.6395462155342102, 0.8059932589530945, 0.8681029081344604, 0.8960064053535461, 0.9158883690834045, 0.9283217787742615, 0.9410416483879089, 0.9470005035400391], "val_loss": [0.6022401452064514, 0.3998902142047882, 0.3323746919631958, 0.2861011326313019, 0.19350381195545197, 0.40838009119033813, 0.22243206202983856, 0.15506306290626526], "val_accuracy": [0.7966979742050171, 0.8643574118614197, 0.8889608383178711, 0.9041761159896851, 0.9397863149642944, 0.8630625009536743, 0.9291032552719116, 0.950469434261322], "lr": [9.999999747378752e-05, 9.999999747378752e-05, 9.999999747378752e-05, 9.999999747378752e-05, 9.999999747378752e-05, 9.999999747378752e-05, 9.999999747378752e-05, 9.999999747378752e-05]}