{"loss": [1.1167370080947876, 0.35006049275398254, 0.21996743977069855, 0.15573135018348694, 0.12203342467546463, 0.09929876029491425, 0.08187442272901535, 0.07163539528846741, 0.06054777652025223, 0.05451890453696251, 0.04906012490391731, 0.04444967210292816, 0.040759600698947906, 0.015550986863672733, 0.01370615791529417], "accuracy": [0.6719396710395813, 0.8886833786964417, 0.9274059534072876, 0.9485880732536316, 0.9596984386444092, 0.966896653175354, 0.971932590007782, 0.9756881594657898, 0.9794579744338989, 0.9822035431861877, 0.9834696650505066, 0.9846788644790649, 0.9862294793128967, 0.9946511387825012, 0.9952486157417297], "val_loss": [0.4709770083427429, 0.3116898238658905, 0.1556527018547058, 0.1498231142759323, 0.24490530788898468, 0.14421188831329346, 0.12956933677196503, 0.24480366706848145, 0.1775212436914444, 0.07105432450771332, 0.2648186683654785, 0.35091885924339294, 0.19747361540794373, 0.037079665809869766, 0.03514190763235092], "val_accuracy": [0.8489073514938354, 0.899783730506897, 0.9480992555618286, 0.9511154294013977, 0.9279535412788391, 0.9550990462303162, 0.9599931836128235, 0.9344411492347717, 0.9450830817222595, 0.9780901670455933, 0.9283519387245178, 0.921238362789154, 0.9420669078826904, 0.989130437374115, 0.9893580675125122], "lr": [9.999999747378752e-05, 9.999999747378752e-05, 9.999999747378752e-05, 9.999999747378752e-05, 9.999999747378752e-05, 9.999999747378752e-05, 9.999999747378752e-05, 9.999999747378752e-05, 9.999999747378752e-05, 9.999999747378752e-05, 9.999999747378752e-05, 9.999999747378752e-05, 9.999999747378752e-05, 4.999999873689376e-05, 4.999999873689376e-05]}