{"loss": [0.9902823567390442, 0.33059778809547424, 0.2078857272863388, 0.14932040870189667, 0.1146344244480133, 0.09535514563322067, 0.08091376721858978, 0.03072897158563137, 0.02949122153222561, 0.024588681757450104, 0.025403475388884544, 0.009799114428460598, 0.0090052280575037, 0.00815714430063963, 0.008647437207400799], "accuracy": [0.7051283717155457, 0.8940607309341431, 0.9317021369934082, 0.9503805637359619, 0.9620883464813232, 0.9678639769554138, 0.9733266830444336, 0.9899281859397888, 0.9898855090141296, 0.9912796020507812, 0.9916494488716125, 0.996671199798584, 0.9971833229064941, 0.9972259998321533, 0.9971548318862915], "val_loss": [0.410387247800827, 0.3931437134742737, 0.37633904814720154, 0.15874947607517242, 0.3061542510986328, 0.4326997697353363, 0.18968185782432556, 0.05678723379969597, 0.06555914878845215, 0.06568513065576553, 0.06885204464197159, 0.029866114258766174, 0.05588841438293457, 0.04030926525592804, 0.03414759039878845], "val_accuracy": [0.8635329008102417, 0.8849305510520935, 0.8816867470741272, 0.946904182434082, 0.910141110420227, 0.8917596340179443, 0.9442863464355469, 0.9819599390029907, 0.9784315824508667, 0.9803096055984497, 0.9795128703117371, 0.9915775060653687, 0.9841793775558472, 0.9892442226409912, 0.9903255105018616], "lr": [9.999999747378752e-05, 9.999999747378752e-05, 9.999999747378752e-05, 9.999999747378752e-05, 9.999999747378752e-05, 9.999999747378752e-05, 9.999999747378752e-05, 4.999999873689376e-05, 4.999999873689376e-05, 4.999999873689376e-05, 4.999999873689376e-05, 2.499999936844688e-05, 2.499999936844688e-05, 2.499999936844688e-05, 2.499999936844688e-05]}