{"loss": [1.1068103313446045, 0.3418116271495819, 0.21477007865905762, 0.1549554318189621, 0.12265796959400177, 0.05128468945622444, 0.04410349950194359, 0.03808851167559624, 0.0358608216047287, 0.029201596975326538, 0.026671305298805237, 0.02813028171658516, 0.025597166270017624, 0.023031264543533325, 0.01024313922971487], "accuracy": [0.6719112396240234, 0.8886549472808838, 0.9292694926261902, 0.9486165642738342, 0.9590155482292175, 0.9825165271759033, 0.98493492603302, 0.9869407415390015, 0.9876804947853088, 0.9898285865783691, 0.9913933873176575, 0.9905398488044739, 0.9913649559020996, 0.9920904636383057, 0.9965431690216064], "val_loss": [0.5632098913192749, 0.21956568956375122, 0.5666866302490234, 0.22470195591449738, 0.4010377526283264, 0.08683571964502335, 0.10711552947759628, 0.06126071512699127, 0.08515560626983643, 0.07077926397323608, 0.04146653041243553, 0.05404853820800781, 0.19222313165664673, 0.05963292345404625, 0.03356769680976868], "val_accuracy": [0.8236967921257019, 0.9281811714172363, 0.8361029028892517, 0.9282950162887573, 0.8870362043380737, 0.9714318513870239, 0.9673343896865845, 0.9800819754600525, 0.9734805226325989, 0.9784885048866272, 0.9871386289596558, 0.9830412268638611, 0.947416365146637, 0.9828135967254639, 0.9906669855117798], "lr": [