{"loss": [1.1638495922088623, 0.5334627628326416, 0.3584698736667633, 0.26214754581451416, 0.20119903981685638, 0.16393211483955383, 0.14238165318965912, 0.10774131119251251, 0.09812764078378677], "accuracy": [0.6359418034553528, 0.8214681148529053, 0.8851107954978943, 0.9093490242958069, 0.930609405040741, 0.9475069046020508, 0.9528393149375916, 0.9623961448669434, 0.9650969505310059], "val_loss": [0.5305389761924744, 0.5404250025749207, 0.32638630270957947, 0.4548356533050537, 0.2493714839220047, 0.2929512560367584, 0.23862186074256897, 0.29385730624198914, 0.15753544867038727], "val_accuracy": [0.8242149353027344, 0.8151505589485168, 0.880867600440979, 0.8527031540870667, 0.9184201955795288, 0.9087083339691162, 0.9190676808357239, 0.9103269577026367, 0.9475558400154114], "lr": [9.999999747378752e-05, 9.999999747378752e-05, 9.999999747378752e-05, 9.999999747378752e-05, 9.999999747378752e-05, 9.999999747378752e-05, 9.999999747378752e-05, 9.999999747378752e-05, 9.999999747378752e-05]}